ID,Apellido,Email,Fecha,Web
1,Ponce,hohailey@anthony.com,2020-07-02,https://delacruz-freeman.org
1,Griffin,harold11@mullen.org,2021-06-02,www.mclaughlin-hubbard.net
1,Cowan,qlarson@berry.biz,2021-09-24,www.anthony.net
1,Chen,hmorgan@olson.com,2020-04-30,http://wise-mendez.com
1,Cortez,bonillaalex@cervantes.org,2021-03-20,http://hill.com
1,Mejia,beckyshaw@bradley-booth.com,2021-07-23,www.drake.com
1,Mckay,travisfoley@brandt.com,2021-05-25,www.thompson.org
1,Huff,vmyers@novak-delacruz.biz,2021-08-01,https://weber.net
1,Garza,dana05@hester.net,2021-01-23,www.mendez-duran.com
1,Lopez,cowandeanna@house.com,2020-11-24,www.jordan-phelps.org
1,Morse,woodsdevin@maldonado.org,2020-05-17,www.hurley.com
1,Dickson,kaitlinbooth@hurley.com,2020-08-17,https://suarez.com
2,Wiggins,changkellie@howell.com,2021-04-02,http://carlson.com
2,Newton,ypayne@gaines.biz,2020-08-09,https://figueroa.com
2,Mayer,mindy15@fuentes.org,2020-07-15,www.bray.com
2,Davenport,barry91@howe.info,2020-05-10,www.delacruz.com
2,Thomas,fsuarez@cooper-montes.biz,2021-10-21,www.leblanc.com
2,Robbins,qmcdaniel@cruz.net,2020-12-20,www.terrell.com
2,Mueller,joe34@salazar.com,2022-05-13,https://blake.net
2,Rhodes,hmccarty@sharp.biz,2022-01-15,www.elliott-tyler.org
2,Vaughan,kari95@henry.org,2021-01-31,https://galvan-lucero.org
2,Estes,vincent58@norton.com,2021-02-08,www.bernard-archer.info
2,Booth,perry87@nichols.biz,2021-10-12,https://franklin.com
3,Payne,mayerjerome@hurst-graham.net,2020-11-26,www.glenn-snow.com
3,Hawkins,danielbuckley@hatfield.info,2021-05-02,www.newman.com
3,Guerra,lfaulkner@villanueva.com,2022-05-12,www.fernandez-fisher.com
3,Shelton,maystiffany@davidson.com,2022-04-21,www.mcneil.com
3,Powell,ivanhiggins@charles-estrada.com,2021-09-30,www.snow.org
3,Mullins,mercedes11@floyd-hall.com,2021-07-24,https://henson.net
3,Merritt,moneal@hudson.biz,2021-04-10,http://tapia-davis.com
3,Marsh,damonhowe@larsen.org,2021-07-15,http://bautista.com
3,Chase,xtapia@hensley.info,2022-04-25,https://howard-crawford.com
3,Singleton,kerriray@owen-stone.info,2021-10-29,www.whitehead.org
3,Lawson,madisoncarey@spence-beck.info,2020-10-31,http://mata.com
4,Lee,briangriffin@chang.org,2021-08-13,www.roberts.com
4,Moran,cartermallory@chung.com,2020-02-28,https://hinton.info
4,Calderon,shelley82@jarvis.com,2021-06-17,www.macdonald-lyons.com
4,Harper,patricialeach@hernandez.biz,2020-07-06,https://mckee-hill.net
4,Richard,alfredbradford@perry.com,2022-04-17,https://johns-sharp.com
4,Kemp,michaela80@russell.com,2020-07-21,http://schaefer.com
4,Small,reginahancock@walker.org,2021-01-17,http://powers-bird.com
4,Steele,manuel95@holden-franklin.com,2020-09-27,http://johnson.net
4,Ford,sabrinaerickson@wise.info,2020-09-10,www.hardin-duran.org
5,Ramsey,amy99@booker.com,2020-12-30,https://chavez.com
5,Bush,billymorris@lambert-irwin.com,2020-02-13,http://harris.net
5,Bridges,daisyblair@walsh-holmes.org,2021-12-05,www.acevedo-macdonald.net
5,Huang,ydavid@potter.com,2022-05-16,https://wall-reid.com
5,Sims,anthonyzuniga@tucker.com,2021-07-27,https://frederick.com
5,Bradshaw,weaverclinton@zamora.org,2021-12-25,http://sloan.info
5,Lawrence,ehampton@lopez-brandt.org,2021-03-16,www.anderson.com
5,Simpson,knappalisha@franco.org,2020-03-01,www.jennings-mann.com
6,Meadows,basschristian@faulkner.com,2020-01-01,www.norman.org
6,Hansen,jasmineaustin@whitehead.info,2020-01-14,www.nicholson.org
6,Hooper,lonnielittle@hoffman-meadows.com,2020-03-15,www.blankenship.com
6,Vaughan,ellen80@bonilla.com,2020-10-22,www.gutierrez-lloyd.com
6,Rush,dominguezparker@preston.net,2021-12-12,https://morse.org
6,Sanchez,joconnor@cooley.com,2021-07-09,http://cortez-cooper.com
6,Wong,paulcastaneda@burke.com,2021-09-29,https://newman.com
6,Boyle,davefarmer@neal-farrell.org,2022-01-13,https://wallace.com
6,Velez,pcannon@choi.com,2021-04-17,http://hodge-ramirez.com
6,Cantrell,kwarner@barrera.org,2021-09-04,http://odom.info
7,Blackwell,calhounalisha@hardin.net,2021-03-30,https://barker-bishop.info
7,Flynn,austinhobbs@briggs.com,2020-09-05,www.allison-clements.com
7,Moore,ngilmore@bush.net,2021-12-25,http://mcgrath.org
7,Fletcher,pammorales@james-benjamin.net,2021-03-17,www.cordova.com
7,Klein,damon39@terrell.com,2020-02-13,www.wells-simon.info
8,Ferrell,xreese@hall-donovan.com,2020-04-27,https://tyler-pugh.info
8,Pope,hayleyritter@price.net,2020-05-19,http://young.com
8,Mack,rpace@huynh.com,2021-03-01,www.barajas-hendrix.com
8,Tran,duartejohnathan@pennington.com,2020-09-02,www.trevino.info
8,Walker,luceromaxwell@wong.biz,2021-01-15,http://christian.com
9,Walton,sharigriffin@cameron.com,2020-11-15,www.guerra-armstrong.com
9,Hubbard,savannah10@simpson.com,2021-03-17,www.graves.info
9,Webster,zbrock@blevins-payne.com,2020-03-10,www.wagner.org
9,Tanner,dawncoffey@barker.com,2022-05-15,http://osborne.com
9,Daniel,ckhan@underwood.net,2020-03-25,www.nguyen-curry.com
9,Paul,tasha85@wilson.biz,2021-11-27,www.brock.com
9,Arellano,sandy44@thomas.com,2020-11-13,www.duncan.org
10,Medina,karlgarrett@fischer.biz,2020-03-02,www.zhang.com
10,Garrett,marthaguerra@anderson.com,2020-04-30,https://vincent.com
10,Ewing,evansstuart@griffin.org,2021-12-16,www.pacheco.com
10,Abbott,breanna32@mayer.net,2020-12-31,https://freeman-maddox.com
10,Suarez,usloan@harrington.com,2022-01-16,www.marshall.com
11,Davies,mhudson@hardin.com,2021-03-09,www.velazquez-wright.com
11,Santana,biancahenry@hernandez.org,2021-06-11,www.davenport.com
11,Henry,mathisgloria@house-hamilton.org,2020-07-05,http://werner.org
11,Noble,lydiameyers@frederick.com,2020-06-24,http://frye.com
12,Terry,kdavies@owen-humphrey.info,2021-01-04,www.tyler.com
12,Ortega,robbinsgordon@dyer-kim.info,2021-09-29,http://watson-frye.org
12,Pollard,weavermeagan@sampson.com,2020-03-02,http://wilcox.com
12,Myers,brandibarker@peterson.net,2021-07-05,www.meadows.org
12,Reese,craigwhitney@carrillo.info,2020-04-10,www.hunter.com
12,Keith,yolanda40@rhodes.com,2020-05-03,https://greene-goodman.info
13,Stanton,yhebert@hays-rivera.com,2020-01-23,http://huerta-cordova.info
13,Gillespie,vgilbert@romero.biz,2020-06-23,https://spencer.com
13,Guerra,frederickmisty@carpenter-nielsen.net,2021-01-25,https://randolph.com
14,West,mbonilla@hampton.com,2020-01-22,https://richmond.com
14,Brown,willie99@snyder.com,2021-09-08,http://cantu.com
15,Meza,katie69@romero.net,2020-11-12,www.nguyen.com
15,West,patrickfelicia@goodwin.org,2020-12-29,www.archer.com
15,Richards,watkinsevan@ward.biz,2021-12-20,https://frey.com
16,Hodge,melvindrake@friedman-bradley.com,2021-10-22,www.levine.com
17,Valencia,andrewsanders@marks.com,2021-04-17,www.myers.com
17,Mcclure,phelpsandres@hartman-cooper.org,2021-03-15,www.copeland.org
17,Horn,ashley39@garrison.com,2020-02-26,www.benson-keller.com
17,Manning,toddmcmahon@beard-lambert.com,2021-01-24,www.butler.info
17,Sutton,nichole45@michael.org,2021-09-19,www.best.com
17,Boone,yreyes@rowe.com,2020-01-29,www.miranda.info
18,Cobb,austinvang@glenn.com,2021-06-22,https://valdez-li.org
19,Salas,shortfrederick@cobb.net,2020-01-12,http://whitehead.info
19,Cummings,colealexander@turner.biz,2020-09-20,https://newton-esparza.net
19,Shah,luis82@sparks.com,2020-07-05,https://bush.com
20,Spears,alan50@hobbs.info,2021-09-13,www.potts-conrad.com
21,Washington,thomasnicholas@blankenship-ford.com,2021-09-26,https://deleon.com
21,Stanley,charlottemercer@hensley.net,2020-12-12,https://zimmerman.com
21,Washington,ariana05@kelly-arellano.com,2021-01-10,https://booth-guzman.info
22,Shaffer,gabrielaleach@rose.net,2021-04-07,www.hoffman-rubio.com
22,Gallegos,escobarisabella@harrell-santiago.info,2020-10-13,www.atkinson-may.com
22,Shannon,hillterrance@gamble.info,2021-02-01,https://maynard-madden.net
23,Chase,gravesgrace@molina.org,2020-06-23,http://mccarty-meza.info
23,Hendrix,maureen18@barr.org,2020-12-24,www.hurst-johnston.info
23,Collins,luis12@buck.com,2020-11-06,http://mckee.com
24,Jackson,carpenterkylie@chambers-frost.com,2021-02-11,http://moran.com
24,Hayden,gravesalisha@harrell.info,2021-11-24,www.conrad.com
25,Buchanan,ocole@sanders-lowery.net,2020-04-22,https://jones.com
25,Bullock,cwolf@arellano.com,2021-09-30,http://mccann.com
26,Andersen,haleybraun@blevins-sexton.com,2022-03-22,www.mack-bell.net
26,Cruz,nlane@kane-pennington.com,2022-05-03,www.frederick.com
26,Hurst,vernonrush@harvey.com,2020-06-30,https://valencia.com
26,Pruitt,mcbridekylie@mcdowell-christensen.com,2020-10-21,www.boyle-archer.net
27,Hoffman,bauergerald@morrison.com,2020-04-09,www.holt.com
27,Bautista,chavezrandall@mckinney-stafford.net,2020-05-27,www.mayer.com
27,Forbes,veronicablankenship@pace.com,2020-03-02,http://james.org
28,Fischer,natasha83@delacruz-edwards.com,2020-01-26,https://giles-newton.com
28,Ryan,swarren@buck-roach.com,2020-06-24,www.chase.info
29,Foster,samuel97@wyatt.com,2020-10-29,www.gates.net
29,Gallagher,hortonmiguel@mays-rivers.org,2021-02-06,https://alvarado.com
29,Bender,joanne07@pennington.com,2020-10-12,https://molina.com
30,Irwin,xcallahan@cantu.com,2021-06-26,www.knight.net
30,Cantu,meghanfernandez@patel-todd.com,2020-11-02,https://kirk-skinner.com
30,Alvarez,kanthony@osborne.com,2020-08-30,www.rojas.net
31,Brock,sarahpotts@bradford.com,2020-05-07,http://gray.com
32,Petersen,wwhite@perez.com,2021-09-12,http://barr-faulkner.info
33,Fitzpatrick,meredith05@lawrence-shaw.com,2020-06-17,www.donaldson-norman.com
34,Byrd,alisonsanders@durham.com,2020-04-26,https://garner.net
35,Crawford,fenglish@warner.net,2021-11-18,www.campos.org
36,Vance,brendanbarrera@gill-thornton.info,2022-04-17,www.huffman.com
37,Hunter,hebertdarin@kidd.com,2020-03-22,www.walter.info
38,Miles,elizabethcopeland@morris-moss.info,2021-09-17,www.escobar.com
39,Harrison,jerry26@hudson-acevedo.net,2020-10-31,http://palmer-chan.org
40,Fowler,katie93@norris.biz,2020-08-27,www.medina.info
41,Molina,timothyrivera@wade-galloway.net,2020-09-18,http://lam-villanueva.com
42,Barker,lindsayrocha@preston.org,2021-07-03,www.horne.com
43,Huerta,daniel75@hansen.com,2020-09-17,www.maldonado.com
44,Pacheco,kristina23@carr-arias.com,2020-05-05,http://flynn-cameron.info
45,Browning,gabriellanorton@robertson.org,2021-04-17,http://macias-duffy.com
46,Bullock,bcole@stevens.com,2020-03-23,http://jones.com
47,Leonard,jessica41@klein.biz,2020-10-19,https://rhodes-hutchinson.org
48,Paul,bweaver@levy.info,2020-04-10,www.weiss.com
49,Harper,fieldskelly@blackburn.biz,2020-03-22,www.payne.com
50,Serrano,vwhite@peterson-gould.com,2022-03-17,www.murray-woodard.net
51,Hamilton,edward56@parks.biz,2020-10-02,http://bowers-ashley.com
52,Peterson,rothkerry@atkins-porter.com,2021-08-04,www.huff.com
53,Pearson,jerrygates@garner.net,2022-01-13,http://rubio.com
54,Vasquez,mosleyross@lawrence.com,2021-01-28,www.mathews.com
55,Mitchell,lauren64@faulkner-hood.info,2020-12-05,www.roth-haney.com
56,Hoffman,xortiz@gates.com,2021-12-17,www.haley.info
2020,Callahan,urangel@espinoza-francis.net,2020-08-26,www.escobar.org
2020,Mccormick,alvaradojesse@rangel-shields.com,2021-01-17,https://welch.info
2020,Hammond,lweeks@hooper.org,2022-03-03,https://bush-huynh.org
2020,Williamson,zramos@haney.org,2020-03-06,www.larsen.org
2020,Owens,jake39@little.com,2022-01-02,www.tran.net
2020,Lin,dgould@graham-winters.com,2021-10-06,www.lindsey.org
2020,Drake,carpentergary@vance-weeks.com,2022-03-03,http://carrillo.com
2020,Ortiz,hsantos@lopez.info,2020-05-21,https://ibarra.com
2020,Pittman,gabrielarobbins@hawkins-bernard.com,2020-09-05,http://jefferson.com
2020,Hurley,hhuerta@morris-case.info,2021-04-25,www.price.com
2020,Chapman,adrian55@gardner-gaines.com,2022-04-14,https://allison.info
2020,Moore,spencerbright@powell.biz,2021-12-10,http://hurley.org
2020,Strong,carrillokenneth@bowman-montoya.com,2021-10-22,https://silva.com
2020,Short,garymelton@petersen-lam.org,2020-01-03,http://parrish.com
2020,Middleton,vernon36@browning.info,2021-06-28,https://atkins.com
2020,Fuller,orice@drake.com,2020-10-04,https://patel.com
2020,May,cannonshirley@carson-dorsey.com,2021-09-08,https://nash.info
2020,Oconnell,lunakirsten@zimmerman-salinas.org,2020-06-15,http://mitchell.com
2020,Golden,gacosta@stephenson-tyler.biz,2020-03-31,www.butler.com
2020,Knight,eschultz@salas.com,2020-08-05,https://li.com
2020,Murillo,jodonnell@oliver.com,2021-05-18,www.wise-horton.com
2020,Kirk,jasmin18@juarez-richmond.com,2021-04-25,www.stone.com
2020,Cardenas,wflynn@andersen.com,2021-03-10,www.gray.org
2020,Fletcher,gcollier@golden.com,2021-08-22,www.hatfield.com
2020,Meadows,jack76@compton.com,2021-09-09,http://gordon.org
2021,Archer,nwu@brady-chen.com,2021-05-21,www.callahan.net
2021,Brock,ldelacruz@spence.com,2021-06-27,www.moyer.com
2021,Jacobson,emullins@simpson-christensen.com,2021-09-02,http://perkins.com
2021,Bennett,cristian16@hill-beard.com,2021-01-12,www.schmitt.com
2021,Moreno,marisa13@hickman.com,2022-02-12,www.grimes-summers.com
2021,Esparza,gregghendricks@conner-weiss.info,2020-09-24,www.long-hickman.com
2021,Tapia,valerie35@olsen.com,2020-10-11,www.cain-allen.com
2021,Wu,nataliefarley@richardson.com,2021-10-05,http://moyer.com
2021,Ayala,hburke@duke-mcmahon.com,2020-12-05,www.roach.com
2021,Long,yolanda69@rosario.com,2022-01-09,http://barr-salas.org
2021,Pruitt,jessica36@hart.com,2021-08-17,http://henry.com
2021,Collier,samantha34@mccarthy.com,2020-04-11,http://carpenter-estes.net
2021,Wiley,preston76@house.com,2020-08-07,www.kaufman-ho.com
2021,Berger,alexandraroy@juarez-kane.com,2020-05-23,https://hale-montes.com
2021,Miller,bjordan@small-black.com,2022-01-15,www.small.com
2021,Sanford,peggy95@park.info,2021-05-18,http://curry.com
2021,Eaton,daltonrangel@prince.biz,2021-04-27,https://hinton.com
2021,Hoover,tiffany09@perkins.com,2021-05-27,www.pena.com
2021,Woods,lonnieguerra@cooke.com,2020-10-17,https://mccarthy.com
2021,Moyer,russorussell@galloway.biz,2020-12-30,https://burnett.com
2021,Robbins,cuevasgeorge@navarro-mcmahon.com,2022-03-24,https://beltran.com
2021,Washington,sharpgreg@rubio-garrison.org,2021-03-01,www.hood-decker.com
2021,Oconnell,malik63@frazier-nichols.biz,2022-03-03,http://levine-francis.com
2022,Franco,kentryan@stone-oneill.com,2021-06-29,http://ruiz.com
2022,Morton,basskaylee@lynn-gill.biz,2021-08-19,https://nolan.com
2022,Gregory,lacey04@cross.com,2021-10-28,www.singleton.com
2022,Oconnell,oneilldamon@spencer.com,2021-09-26,www.larson.com
2022,Christian,harmonmadison@finley-clarke.net,2020-10-19,https://bradford.com
2022,Mcfarland,guymorrow@romero-owen.com,2020-06-14,www.wheeler-wong.com
2022,Schmidt,elutz@medina-garcia.com,2021-05-11,https://burnett.com
2022,Tyler,obates@bennett-nicholson.net,2020-10-26,www.cochran-cook.com
